{
	"folders" : {
		"collision" : ["obj_solid", "obj_slope", "obj_platform", "obj_ladder", "obj_iceblock_breakable", "obj_grindrail", "obj_moving_vstop", "obj_monstersolid", "obj_monsterslope"],
		"blocks" : [
			"obj_metalblock", "obj_secretbigblock", "obj_destroyable", "obj_destroyable3",
			"obj_destroyable2", "obj_destroyable2_big", "obj_onewaybigblock",
			"obj_spike", "obj_onewaybigblock",
			"obj_minipillar", "obj_reverseminipillar", "obj_destructibleplatform", 
			"obj_rockblock", "obj_destructiblerockblock", "obj_tntblock",
			"obj_ghostblock", "obj_ghostwall", "obj_knighttrap", "obj_spaceblock", "obj_reversespaceblock",
			"obj_tutorialtargetblock"
		],
		
		"enemies" : [
			"obj_pizzaboy", "obj_cheeseslime", "obj_forknight", "obj_swedishmonkey", "obj_minijohn",
			"obj_pepgoblin", "obj_pizzagoblin", "obj_ancho", "obj_fencer",
			"obj_indiancheese", "obj_kentukykenny", "obj_miniufo", "obj_clerk", "obj_banditochicken",
			"obj_ghoul", "obj_johnghost",
			"obj_farmerbaddie", "obj_farmerbaddie2", "obj_farmerbaddie3", "obj_electricpotato",
			"obj_rancher", "obj_badrat",
			"obj_coolpineapple", "obj_spitcheese", "obj_canongoblin", "obj_treasureguy",
			"obj_noisegoblin", "obj_pickle", "obj_pizzard",
			"obj_miniufo_grounded",
			"obj_golfdemon", "obj_golfburger", "obj_bigcheese",
			"obj_noisey",
			"obj_smokingpizzaslice", "obj_hamkuff", "obj_thug_red",
			"obj_robot",
			"obj_weenie",
			"obj_ninja",
			"obj_snowman", "obj_pizzice", "obj_fakesanta",
			"obj_trapghost", "obj_ghostknight", "obj_pepbat", "obj_clownmato",
			"obj_robotmonster", "obj_blobmonster", "obj_puppetmonster", "obj_hillbillymonster",
			"obj_patroller", "obj_camerapatrol", "obj_piraneapple",
			"obj_soldier", "obj_tank", "obj_kentukybomber", "obj_peppinoclone",
			"obj_weeniesquire", "obj_grandpa", "obj_car", "obj_noisesatellite",
			"obj_baddiespawner"
		],

		"collectables" : ["obj_collect", "obj_escapecollect", "obj_bigcollect", "obj_escapecollectbig", "obj_pizzaboxunopen", "obj_treasure", "obj_ghostdashpad", "obj_key", "obj_pizzasona_spawn"],
		"hazards" : [
			"obj_spike", "obj_pizzagoblinbomb", "obj_pizzacutter1", "obj_boilingsauce", "obj_totemcloud", "obj_totem", "obj_water",
			"obj_autocanon", "obj_mine"

		] ,
		"gizmos" : [
			"obj_ratblock", "obj_pizzagoblinbomb", "obj_dashpad", "obj_balloongrabbable", "obj_donkey", "obj_antigrav",
			"obj_grabbiehand", "obj_trash", "obj_stringycheese", "obj_spaceblockswitch", "obj_gravesurfing",
			"obj_ladderhorizontal", "obj_morthook", "obj_superspring", "obj_timedgate", "obj_timedgateclock",
			"obj_current", "obj_mushroom", "obj_rocket", "obj_golflauncher", "obj_ramp",
			"obj_sidesuperspring", "obj_slipnslide", "obj_railh2", "obj_railh", "obj_pizzapepper", "obj_movingplatform",
			"obj_monstergate", "obj_metaldetector", "obj_nuketerminal", "obj_haystack"
		],
		
		"warps" : [
			"obj_hallway", "obj_boxofpizza", "obj_door", "obj_geromedoor",
			"obj_doorA", "obj_doorB", "obj_doorC", "obj_doorD", "obj_doorE", "obj_doorF", "obj_doorG",
			"obj_keydoor", 
			"obj_secretportal", "obj_secretportalstart", "obj_lapportal", "obj_lapportalentrance"],
		"progress": ["obj_exitgate", "obj_hungrypillar", "obj_gerome", "obj_geromedoor", "obj_pizzaboxunopen", "obj_treasure", "obj_secretportal", "obj_secretportalstart", "obj_checkpoint", "obj_exitgustavo", "obj_lapportal", "obj_lapportalentrance"],
		"powers" : [
			"obj_swordstone", "obj_kentukykenny", "obj_ghosthazard", "obj_weeniemount", "obj_boxcrusher",
			"obj_cheeseballspawner", "obj_barrel", "obj_shotgun", "obj_well", "obj_noisejetpack", "obj_freemilk",
			"obj_crosspriest", "obj_priest",
		],
		"gustavo" : ["obj_peppinoswitch", "obj_gustavoswitch"],
		"hubworld" : ["obj_startgate", "obj_startgate_treasure"],
		"toppins" : ["obj_pizzakinshroom", "obj_pizzakincheese", "obj_pizzakintomato", "obj_pizzakinsausage", "obj_pizzakinpineapple"],
		"golf" : ["obj_pizzaball", "obj_pizzaballblock", "obj_magnet", "obj_golfhoop", "obj_ballgoal"],
		"tube" : ["obj_tubeenter", "obj_tubeleft", "obj_tubeexitmach", "obj_tubeexitdownexit", "obj_tubedown", "obj_tubeup", "obj_tuberight", "obj_tubeexitSjump"],
		"other": ["obj_sprite", "obj_frontcanongoblin_trigger", "obj_frontcanoncrosshair", "obj_pineapplemonsterzone", "obj_mortblock", "obj_ventilator"],
		"unusable": ["obj_pepperman", "obj_vigilanteboss", "obj_noiseboss", "obj_fakepepboss", "obj_pizzafaceboss"]
	},
	"order" : ["collision", "blocks", "enemies", "collectables", "gizmos", "hazards", "warps", "progress", "powers", "gustavo", "hubworld", "toppins", "golf", "tube", "other", "unusable"],
	"respawnOnLap2" : ["obj_escapecollect", "obj_escapecollectbig"],
	"overrideDestructionMemory" : ["obj_lapportalentrance"],
	"snapToGround" : ["obj_baddie", "obj_gerome", "obj_exitgustavo", "obj_swordstone", "obj_weeniemount", "obj_barrel", "obj_freemilk", "obj_priest", "obj_crosspriest", "obj_peppinoswitch", "obj_gustavoswitch", "obj_startgate", "obj_hungrypillar"],

	"objectVariables": {
		"|obj_hallway|obj_boxofpizza|obj_door|obj_geromedoor|obj_lapportal|obj_secretportal|obj_keydoor|" : [
			["targetRoom", "roomNameList"], 
		],
		"|obj_hallway|": [
			["targetDoor", ["A", "B", "C", "D", "E", "F", "G"]]
		],
		"|obj_door|": [
			["visible", ["true", "false"], {"noCustom" : true}]
		],
		"|obj_baddie|obj_gustavoswitch|": [
			["escape", ["true", "false"], {"display" : "escape spawn", "noCustom": true}]
		],
		"|obj_startgate|": [
			["levelName", "levelNameList"],
			["sprite_index", "spriteList"],
			["bgsprite", "spriteList"]
		],
		"|obj_sprite|": [
			["sprite_index", "spriteList"]
		],
		"|obj_secretportal|": [
			["secret", ["true", "false"], {"display" : "secretRoom exit", "noCustom" : true}]
		],
		"|obj_pizzaboxunopen|" : [
			["content", ["obj_pizzakinshroom", "obj_pizzakincheese", "obj_pizzakintomato", "obj_pizzakinsausage", "obj_pizzakinpineapple"]]
		],
		"|obj_baddiespawner|" : [
			"content"
		],
		"|obj_treasure|" : [
			"sprite_index"
		],
		"|obj_startgate_treasure|" : [
			["level", "levelNameList"]
		],
		"|obj_timedgateclock|" : [
			"time_max"
		],
		"|obj_pizzaball|" : [
			"hitsPrimoBurg",
			"hitsHotDog",
			"hitsNothing",
		],
		"|obj_tubeenter|" : [
			["hsp", [-1, 0, 1], {"display" : "Hor. enter direction"}],	
			["vsp", [-1, 0, 1], {"display" : "Vert. enter direction"}],
		],
		"|obj_shotgun|": [
			["activateTimer", ["true", "false"], {"noCustom" : true}]
		],
	},

	"questionBlocks" : {
		"obj_pizzaboxunopen" : "content",
		"obj_baddiespawner" : "content",
		"obj_conveyorspawner" : "objectList"
	}
}